{
  "timestamp": "2025-08-21T20:09:22.816757",
  "test_summary": {
    "total_tests_run": 227,
    "categories_tested": 17,
    "auth_successful": true,
    "ai_tests_successful": true,
    "vector_search_collections_tested": 6
  },
  "measurements": {
    "health_check": [
      38.40279579162598,
      14.578104019165039,
      11.749744415283203,
      85.24012565612793,
      20.370960235595703,
      22.317886352539062,
      19.9129581451416,
      14.865875244140625,
      24.350881576538086,
      7.517099380493164,
      8.480072021484375,
      13.747930526733398,
      14.91403579711914,
      11.142969131469727,
      7.688999176025391
    ],
    "authentication": [
      1694.9000358581543,
      654.447078704834,
      1119.8430061340332,
      1103.3728122711182,
      646.3630199432373,
      581.6490650177002,
      868.1268692016602,
      574.0752220153809,
      531.8231582641602,
      527.9269218444824
    ],
    "database_recipes": [
      92.99993515014648,
      27.137041091918945,
      24.16682243347168,
      30.98320960998535,
      23.348093032836914,
      27.13322639465332,
      22.909879684448242,
      22.999048233032227,
      30.675888061523438,
      22.86219596862793,
      23.44989776611328,
      25.379657745361328,
      22.197723388671875,
      17.696857452392578,
      20.372867584228516
    ],
    "database_collections": [
      421.4291572570801,
      26.595115661621094,
      27.12726593017578,
      20.20883560180664,
      26.42202377319336,
      23.421287536621094,
      66.162109375,
      26.532888412475586,
      21.458864212036133,
      20.243167877197266,
      20.279884338378906,
      24.07693862915039
    ],
    "database_recipe_detail": [
      11.202096939086914,
      10.141134262084961,
      7.493019104003906,
      7.55000114440918,
      7.364034652709961,
      12.25590705871582,
      90.21282196044922,
      9.247064590454102,
      8.56781005859375,
      8.42595100402832
    ],
    "vector_multi_search": [
      829.4389247894287,
      460.57796478271484,
      502.7620792388916,
      504.0571689605713,
      459.59997177124023,
      524.2700576782227,
      526.6501903533936,
      338.4878635406494,
      382.3738098144531,
      523.7689018249512,
      431.2570095062256,
      462.7490043640137,
      490.30399322509766,
      458.91380310058594,
      451.97391510009766,
      489.23301696777344,
      370.23115158081055,
      358.7520122528076,
      423.85101318359375,
      347.37086296081543
    ],
    "vector_protein_search": [
      44.957876205444336,
      43.14923286437988,
      41.95213317871094,
      58.04085731506348,
      44.17681694030762,
      40.560245513916016,
      42.99426078796387,
      100.49796104431152,
      42.183876037597656,
      41.15605354309082,
      43.038368225097656,
      45.16792297363281,
      42.89364814758301,
      38.47098350524902,
      43.28298568725586
    ],
    "vector_dessert_search": [
      51.92232131958008,
      56.02717399597168,
      41.2290096282959,
      37.88280487060547,
      81.44569396972656,
      39.31689262390137,
      40.30799865722656,
      41.54324531555176,
      42.4342155456543,
      57.60002136230469,
      40.36712646484375,
      79.31804656982422,
      64.21613693237305,
      53.75409126281738,
      38.889169692993164
    ],
    "vector_breakfast_search": [
      48.30789566040039,
      43.35284233093262,
      50.55403709411621,
      41.84222221374512,
      42.937278747558594,
      41.890621185302734,
      41.429996490478516,
      80.01112937927246,
      70.8770751953125,
      40.277957916259766,
      38.47002983093262,
      41.50700569152832,
      79.65683937072754,
      43.988943099975586,
      41.587114334106445
    ],
    "vector_quick_search": [
      45.54009437561035,
      44.19207572937012,
      42.057037353515625,
      43.1978702545166,
      43.29872131347656,
      39.7641658782959,
      80.26719093322754,
      36.936044692993164,
      39.75391387939453,
      39.663076400756836,
      82.59177207946777,
      36.70907020568848,
      38.423776626586914,
      39.40892219543457,
      38.83814811706543
    ],
    "vector_fresh_search": [
      90.24906158447266,
      42.597293853759766,
      43.67494583129883,
      42.87600517272949,
      40.47203063964844,
      47.78409004211426,
      45.60708999633789,
      80.4901123046875,
      42.439937591552734,
      39.95704650878906,
      44.690847396850586,
      79.56886291503906,
      42.99592971801758,
      55.11307716369629,
      42.15884208679199
    ],
    "ai_recommendations": [
      15449.479818344116,
      18037.74118423462,
      10420.919179916382,
      13823.36688041687,
      10680.716037750244,
      23169.897079467773,
      10175.647020339966,
      15521.772861480713,
      22956.09211921692,
      10729.485988616943
    ],
    "ai_meal_planning": [
      18966.901063919067,
      13805.822134017944,
      20837.40186691284,
      17828.591108322144,
      13931.844711303711
    ],
    "user_preferences_get": [
      15.438079833984375,
      6.157875061035156,
      7.179021835327148,
      6.618976593017578,
      7.635831832885742,
      6.656169891357422,
      5.975008010864258,
      5.717992782592773,
      5.836009979248047,
      7.705926895141602
    ],
    "user_preferences_update": [
      43.167829513549805,
      12.823104858398438,
      9.775161743164062,
      13.353109359741211,
      11.820077896118164
    ],
    "concurrent_vector": [
      361.09185218811035,
      720.9129333496094,
      1074.2199420928955,
      1439.615249633789,
      1808.880090713501,
      1743.7560558319092,
      1735.3847026824951,
      1755.0427913665771,
      1698.8730430603027,
      1672.8413105010986,
      1763.8237476348877,
      1737.6728057861328,
      1705.873966217041,
      1721.6310501098633,
      1690.2239322662354,
      1654.8988819122314,
      1661.541223526001,
      1654.670000076294,
      1692.6469802856445,
      1730.193853378296
    ],
    "concurrent_database": [
      26.29399299621582,
      37.52493858337402,
      45.50504684448242,
      53.8029670715332,
      61.06114387512207,
      51.206111907958984,
      50.6439208984375,
      53.569793701171875,
      53.0087947845459,
      54.77023124694824,
      55.460214614868164,
      57.703256607055664,
      54.46982383728027,
      56.39505386352539,
      53.589820861816406,
      52.50406265258789,
      48.49696159362793,
      48.71010780334473,
      47.245025634765625,
      46.57578468322754
    ]
  },
  "statistics": {
    "health_check": {
      "count": 15,
      "avg": 21.02,
      "min": 7.52,
      "max": 85.24,
      "std": 19.48,
      "p50": 14.87,
      "p95": 52.45,
      "p99": 78.68
    },
    "authentication": {
      "count": 10,
      "avg": 830.25,
      "min": 527.93,
      "max": 1694.9,
      "std": 377.14,
      "p50": 650.41,
      "p95": 1436.12,
      "p99": 1643.14
    },
    "database_recipes": {
      "count": 15,
      "avg": 28.95,
      "min": 17.7,
      "max": 93.0,
      "std": 18.06,
      "p50": 23.45,
      "p95": 49.59,
      "p99": 84.32
    },
    "database_collections": {
      "count": 12,
      "avg": 60.33,
      "min": 20.21,
      "max": 421.43,
      "std": 114.4,
      "p50": 25.25,
      "p95": 226.03,
      "p99": 382.35
    },
    "database_recipe_detail": {
      "count": 10,
      "avg": 17.25,
      "min": 7.36,
      "max": 90.21,
      "std": 25.69,
      "p50": 8.91,
      "p95": 55.13,
      "p99": 83.2
    },
    "vector_multi_search": {
      "count": 20,
      "avg": 466.83,
      "min": 338.49,
      "max": 829.44,
      "std": 104.56,
      "p50": 460.09,
      "p95": 541.79,
      "p99": 771.91
    },
    "vector_protein_search": {
      "count": 15,
      "avg": 47.5,
      "min": 38.47,
      "max": 100.5,
      "std": 15.28,
      "p50": 43.04,
      "p95": 70.78,
      "p99": 94.55
    },