{
  "timestamp": "2025-08-21T19:29:03.713402",
  "summary": {
    "total_tests": 201,
    "auth_successful": true,
    "ai_tests_run": true
  },
  "measurements": {
    "health_check": [
      6.546735763549805,
      4.8160552978515625,
      4.369020462036133,
      3.846883773803711,
      4.723072052001953,
      3.910064697265625,
      3.8537979125976562,
      3.8640499114990234,
      4.396677017211914,
      3.827810287475586,
      3.5109519958496094,
      3.4208297729492188,
      3.6699771881103516,
      3.6706924438476562,
      3.476858139038086,
      3.938913345336914,
      3.8259029388427734,
      4.358768463134766,
      3.9663314819335938,
      4.087924957275391
    ],
    "authentication": [
      482.1021556854248,
      484.3449592590332,
      481.9662570953369,
      491.60099029541016,
      484.0981960296631,
      484.8310947418213,
      477.276086807251,
      486.9208335876465
    ],
    "database_recipes": [
      56.99515342712402,
      19.05512809753418,
      17.639875411987305,
      16.278982162475586,
      16.070842742919922,
      15.339851379394531,
      16.689062118530273,
      15.57016372680664,
      16.30997657775879,
      15.625953674316406,
      16.894817352294922,
      15.590906143188477,
      15.313863754272461,
      15.469074249267578,
      17.02713966369629,
      14.981269836425781,
      15.858888626098633,
      17.556190490722656,
      16.149044036865234,
      16.038894653320312
    ],
    "database_collections": [
      4925.550937652588,
      24.54686164855957,
      22.436141967773438,
      25.064945220947266,
      19.186973571777344,
      18.0208683013916,
      19.94609832763672,
      18.694162368774414,
      19.664764404296875,
      20.398855209350586,
      17.256975173950195,
      19.503116607666016,
      19.841909408569336,
      18.108129501342773,
      20.071983337402344
    ],
    "vector_multi_search": [
      447.2329616546631,
      422.47796058654785,
      336.169958114624,
      311.95592880249023,
      380.5088996887207,
      379.7039985656738,
      399.9652862548828,
      347.8868007659912,
      428.93505096435547,
      304.9311637878418,
      343.6861038208008,
      351.47809982299805,
      359.2219352722168,
      339.65587615966797,
      336.75193786621094,
      382.5111389160156,
      341.02606773376465,
      336.6429805755615,
      317.7311420440674,
      345.28112411499023,
      339.95985984802246,
      311.769962310791,
      387.2830867767334,
      347.6550579071045,
      311.7218017578125
    ],
    "vector_protein_search": [
      11.699914932250977,
      8.055686950683594,
      5.366086959838867,
      4.781246185302734,
      3.598928451538086,
      3.7658214569091797,
      3.4661293029785156,
      3.720998764038086,
      3.453969955444336,
      3.5490989685058594,
      3.7932395935058594,
      3.228902816772461,
      3.1299591064453125,
      3.186941146850586,
      3.0329227447509766,
      3.170013427734375,
      3.228902816772461,
      3.381967544555664,
      3.845691680908203,
      3.5228729248046875
    ],
    "vector_dessert_search": [
      3.231048583984375,
      3.5049915313720703,
      3.134012222290039,
      3.401041030883789,
      3.339052200317383,
      3.081798553466797,
      3.3957958221435547,
      3.1092166900634766,
      3.1359195709228516,
      3.6725997924804688,
      3.3011436462402344,
      3.6389827728271484,
      3.5448074340820312,
      3.267049789428711,
      3.3788681030273438,
      3.3538341522216797,
      2.9680728912353516,
      3.0078887939453125,
      3.3380985260009766,
      3.6287307739257812
    ],
    "vector_breakfast_search": [
      3.1800270080566406,
      3.7620067596435547,
      3.957033157348633,
      3.85284423828125,
      3.2019615173339844,
      3.3118724822998047,
      3.08990478515625,
      3.410816192626953,
      3.4999847412109375,
      3.5216808319091797,
      3.2367706298828125,
      3.181934356689453,
      3.1838417053222656,
      3.589153289794922,
      3.577709197998047,
      3.7529468536376953,
      3.2210350036621094,
      3.033161163330078,
      3.3371448516845703,
      3.306865692138672
    ],
    "vector_quick_search": [
      3.4329891204833984,
      3.3059120178222656,
      3.1023025512695312,
      3.2100677490234375,
      3.1092166900634766,
      3.358125686645508,
      3.9000511169433594,
      4.024267196655273,
      3.615856170654297,
      3.2281875610351562,
      3.3349990844726562,
      2.8421878814697266,
      3.061056137084961,
      3.114938735961914,
      3.2722949981689453,
      3.242015838623047,
      3.196239471435547,
      2.9947757720947266,
      3.858327865600586,
      4.125356674194336
    ],
    "ai_recommendations": [
      3.638029098510742,
      20.4160213470459,
      14.265775680541992
    ],
    "concurrent_vector": [
      19.228219985961914,
      14.200925827026367,
      21.358728408813477,
      22.38011360168457,
      17.61913299560547,
      15.335321426391602,
      19.15287971496582,
      14.150857925415039,
      20.409107208251953,
      17.361879348754883,
      12.009859085083008,
      11.873960494995117,
      10.468721389770508,
      8.723020553588867,
      9.830236434936523
    ],
    "concurrent_database": [
      9.269952774047852,
      11.49892807006836,
      12.274980545043945,
      11.827945709228516,
      13.741016387939453,
      8.03518295288086,
      9.927749633789062,
      10.151863098144531,
      7.689952850341797,
      9.933948516845703,
      7.145166397094727,
      6.936073303222656,
      4.482030868530273,
      7.565975189208984,
      7.110118865966797
    ]
  },
  "statistics": {
    "health_check": {
      "count": 20,
      "avg": 4.1,
      "min": 3.42,
      "max": 6.55,
      "p50": 3.89,
      "p95": 4.9,
      "p99": 6.22
    },
    "authentication": {
      "count": 8,
      "avg": 484.14,
      "min": 477.28,
      "max": 491.6,
      "p50": 484.22,
      "p95": 489.96,
      "p99": 491.27
    },
    "database_recipes": {
      "count": 20,
      "avg": 18.32,
      "min": 14.98,
      "max": 57.0,
      "p50": 16.11,
      "p95": 20.95,
      "p99": 49.79
    },
    "database_collections": {
      "count": 15,
      "avg": 347.22,
      "min": 17.26,
      "max": 4925.55,
      "p50": 19.84,
      "p95": 1495.21,
      "p99": 4239.48
    },
    "vector_multi_search": {
      "count": 25,
      "avg": 356.49,
      "min": 304.93,
      "max": 447.23,
      "p50": 345.28,
      "p95": 427.64,
      "p99": 442.84
    },
    "vector_protein_search": {
      "count": 20,
      "avg": 4.25,
      "min": 3.03,
      "max": 11.7,
      "p50": 3.54,
      "p95": 8.24,
      "p99": 11.01
    },
    "vector_dessert_search": {
      "count": 20,
      "avg": 3.32,
      "min": 2.97,
      "max": 3.67,
      "p50": 3.34,
      "p95": 3.64,
      "p99": 3.67
    },
    "vector_breakfast_search": {
      "count": 20,
      "avg": 3.41,
      "min": 3.03,
      "max": 3.96,
      "p50": 3.32,
      "p95": 3.86,
      "p99": 3.94
    },
    "vector_quick_search": {
      "count": 20,
      "avg": 3.37,
      "min": 2.84,
      "max": 4.13,
      "p50": 3.26,
      "p95": 4.03,
      "p99": 4.11
    },
    "ai_recommendations": {
      "count": 3,
      "avg": 12.77,
      "min": 3.64,
      "max": 20.42,
      "p50": 14.27,
      "p95": 19.8,
      "p99": 20.29
    },
    "concurrent_vector": {
      "count": 15,
      "avg": 15.61,
      "min": 8.72,
      "max": 22.38,
      "p50": 15.34,
      "p95": 21.67,
      "p99": 22.24
    },
    "concurrent_database": {
      "count": 15,
      "avg": 9.17,
      "min": 4.48,
      "max": 13.74,
      "p50": 9.27,
      "p95": 12.71,
      "p99": 13.54
    }
  }
}